{"accuracy": [0.0552205890417099, 0.07772058993577957, 0.10301470756530762, 0.1335294097661972, 0.16360294818878174, 0.19323529303073883, 0.21426470577716827, 0.24301470816135406, 0.2635294198989868, 0.2927941083908081, 0.31345587968826294, 0.3363235294818878, 0.36073529720306396, 0.37683823704719543, 0.3874264657497406, 0.4019852876663208, 0.4169117510318756, 0.43169116973876953, 0.43757352232933044, 0.4565441310405731, 0.4676470458507538, 0.47507351636886597, 0.4799264669418335, 0.4886029362678528, 0.49779412150382996, 0.5094117522239685, 0.5133088231086731, 0.520514726638794, 0.5322058796882629, 0.5297058820724487, 0.5424264669418335, 0.5456617474555969, 0.5524264574050903, 0.551838219165802, 0.5583088397979736, 0.5619117617607117, 0.5658088326454163, 0.5706617832183838, 0.5774999856948853, 0.5799264907836914, 0.5824999809265137, 0.5861764550209045, 0.5936029553413391, 0.5871323347091675, 0.5930147171020508, 0.5918382406234741, 0.596323549747467, 0.5999264717102051, 0.6013970375061035, 0.6059558987617493], "loss": [3.358412504196167, 3.2256927490234375, 3.1053013801574707, 3.000009298324585, 2.9041900634765625, 2.8118793964385986, 2.734271287918091, 2.6583924293518066, 2.588364839553833, 2.5217947959899902, 2.466054916381836, 2.407503366470337, 2.3523037433624268, 2.302152633666992, 2.260312557220459, 2.2162246704101562, 2.176628351211548, 2.1394388675689697, 2.103228807449341, 2.066971778869629, 2.035968065261841, 2.002445936203003, 1.9769392013549805, 1.9477604627609253, 1.9225071668624878, 1.8953547477722168, 1.876205325126648, 1.84958016872406, 1.8295915126800537, 1.8084992170333862, 1.7835103273391724, 1.7736893892288208, 1.7461612224578857, 1.7365834712982178, 1.7188529968261719, 1.7022801637649536, 1.6866564750671387, 1.6698542833328247, 1.6530591249465942, 1.6396254301071167, 1.6264508962631226, 1.6132358312606812, 1.6028399467468262, 1.5947734117507935, 1.583058476448059, 1.5699639320373535, 1.5600581169128418, 1.5469292402267456, 1.5360785722732544, 1.5210554599761963], "val_accuracy": [0.0637499988079071, 0.09833333641290665, 0.13750000298023224, 0.17249999940395355, 0.1991666704416275, 0.22499999403953552, 0.24958333373069763, 0.2841666638851166, 0.3216666579246521, 0.3462499976158142, 0.3641666769981384, 0.3858333230018616, 0.4050000011920929, 0.4216666519641876, 0.4412499964237213, 0.4583333432674408, 0.4737499952316284, 0.4858333468437195, 0.5008333325386047, 0.5137500166893005, 0.5249999761581421, 0.5379166603088379, 0.5495833158493042, 0.5579166412353516, 0.5670833587646484, 0.5766666531562805, 0.5816666483879089, 0.5879166722297668, 0.596666693687439, 0.6025000214576721, 0.6054166555404663, 0.6079166531562805, 0.6100000143051147, 0.6158333420753479, 0.6195833086967468, 0.6237499713897705, 0.6262500286102295, 0.6299999952316284, 0.6320833563804626, 0.6358333230018616, 0.6379166841506958, 0.64083331823349, 0.6424999833106995, 0.6449999809265137, 0.6499999761581421, 0.6520833373069763, 0.6541666388511658, 0.6545833349227905, 0.6566666960716248, 0.6604166626930237], "val_loss": [3.240396499633789, 3.1179463863372803, 3.0074760913848877, 2.9069013595581055, 2.81475567817688, 2.7298789024353027, 2.6515190601348877, 2.578862428665161, 2.5113842487335205, 2.448493242263794, 2.3897652626037598, 2.3348119258880615, 2.283289909362793, 2.234863758087158, 2.189422607421875, 2.1467771530151367, 2.106633186340332, 2.068801164627075, 2.03299880027771, 1.999037504196167, 1.9669883251190186, 1.9365922212600708, 1.9075855016708374, 1.8799185752868652, 1.8537123203277588, 1.828728437423706, 1.8048168420791626, 1.7819195985794067, 1.759981632232666, 1.7391221523284912, 1.7189834117889404, 1.699721097946167, 1.681269884109497, 1.663390874862671, 1.6461423635482788, 1.6296508312225342, 1.6135213375091553, 1.5981099605560303, 1.5831338167190552, 1.568689227104187, 1.5547144412994385, 1.541170597076416, 1.5280905961990356, 1.515458106994629, 1.503212571144104, 1.491370439529419, 1.479865550994873, 1.468753457069397, 1.4577807188034058, 1.4471908807754517]}