{"accuracy": [0.1729411780834198, 0.3969852924346924, 0.4961029291152954, 0.5530146956443787, 0.5926470756530762, 0.6163235306739807, 0.6315441131591797, 0.642794132232666, 0.6543382406234741, 0.6638970375061035, 0.6690441370010376, 0.6738235354423523, 0.6861029267311096, 0.6880146861076355, 0.6894117593765259, 0.6934558749198914, 0.6977941393852234, 0.7039706110954285, 0.7005147337913513, 0.7010294198989868, 0.7076470851898193, 0.7083088159561157, 0.7090440988540649, 0.7094117403030396, 0.7111764550209045, 0.7193382382392883, 0.719558835029602, 0.7229411602020264, 0.7203676700592041, 0.7219852805137634, 0.721323549747467, 0.724044144153595, 0.724044144153595, 0.7225000262260437, 0.726838231086731, 0.7313235402107239, 0.7239705920219421, 0.729485273361206, 0.7322794198989868, 0.730441153049469, 0.739264726638794, 0.7318382263183594, 0.731176495552063, 0.7389705777168274, 0.7326470613479614, 0.7362499833106995, 0.7364705801010132, 0.7396323680877686, 0.7340441346168518, 0.7391176223754883], "loss": [2.934701681137085, 2.240682601928711, 1.8657231330871582, 1.6346176862716675, 1.4970273971557617, 1.3880977630615234, 1.324627161026001, 1.2761635780334473, 1.2311773300170898, 1.1855846643447876, 1.1639776229858398, 1.1418030261993408, 1.1194730997085571, 1.097888708114624, 1.0854601860046387, 1.0689983367919922, 1.0511356592178345, 1.0417062044143677, 1.0280511379241943, 1.0166164636611938, 1.0129116773605347, 0.9999884963035583, 1.0016181468963623, 0.9894957542419434, 0.9774794578552246, 0.9793296456336975, 0.9591328501701355, 0.964392364025116, 0.9524785280227661, 0.9504706859588623, 0.9509393572807312, 0.9379218816757202, 0.9444570541381836, 0.9315837621688843, 0.9236173629760742, 0.9117349982261658, 0.9276060461997986, 0.9129761457443237, 0.9096978902816772, 0.91366046667099, 0.899470865726471, 0.899871826171875, 0.9095329642295837, 0.8980242609977722, 0.8963508605957031, 0.8945680856704712, 0.8920286893844604, 0.8737485408782959, 0.8859657645225525, 0.8805238008499146], "val_accuracy": [0.41624999046325684, 0.5691666603088379, 0.6229166388511658, 0.6612499952316284, 0.690833330154419, 0.7087500095367432, 0.7200000286102295, 0.7283333539962769, 0.7383333444595337, 0.7429166436195374, 0.7475000023841858, 0.7545833587646484, 0.7599999904632568, 0.7637500166893005, 0.76541668176651, 0.7745833396911621, 0.7741666436195374, 0.7791666388511658, 0.784166693687439, 0.7837499976158142, 0.7887499928474426, 0.7904166579246521, 0.7916666865348816, 0.7954166531562805, 0.7954166531562805, 0.7979166507720947, 0.7991666793823242, 0.8020833134651184, 0.8025000095367432, 0.8062499761581421, 0.8041666746139526, 0.8062499761581421, 0.8087499737739563, 0.8100000023841858, 0.809166669845581, 0.809583306312561, 0.809166669845581, 0.8133333325386047, 0.8145833611488342, 0.8162500262260437, 0.8174999952316284, 0.8174999952316284, 0.8199999928474426, 0.8208333253860474, 0.8224999904632568, 0.8216666579246521, 0.8233333230018616, 0.8237500190734863, 0.8229166865348816, 0.8224999904632568], "val_loss": [2.4199087619781494, 1.8811769485473633, 1.576354742050171, 1.3865951299667358, 1.2604155540466309, 1.1694039106369019, 1.101346492767334, 1.0520771741867065, 1.0097541809082031, 0.9719828367233276, 0.9420583248138428, 0.9166690111160278, 0.894966721534729, 0.8746353387832642, 0.858435869216919, 0.8432945609092712, 0.8274509906768799, 0.8140784502029419, 0.8024110794067383, 0.7912446856498718, 0.7822019457817078, 0.7719579339027405, 0.764126718044281, 0.7544851303100586, 0.7490697503089905, 0.7400367259979248, 0.7341604232788086, 0.7272680401802063, 0.720032274723053, 0.7168198227882385, 0.7088718414306641, 0.7029733657836914, 0.6974280476570129, 0.6936349868774414, 0.6907985210418701, 0.6825591921806335, 0.6783926486968994, 0.674226701259613, 0.671204149723053, 0.6664396524429321, 0.6629568934440613, 0.6563975811004639, 0.6549204587936401, 0.6509793400764465, 0.6462400555610657, 0.6438824534416199, 0.6416824460029602, 0.6367899179458618, 0.635777473449707, 0.6321673393249512]}