{"accuracy": [0.5154411792755127, 0.5391176342964172, 0.5716176629066467, 0.5655882358551025, 0.5726470351219177, 0.6009559035301208, 0.580294132232666, 0.6091911792755127, 0.6263970732688904, 0.6200735569000244, 0.6219853162765503, 0.6096323728561401, 0.6405147314071655, 0.6219853162765503, 0.6247059106826782], "loss": [2.1029210090637207, 2.1458303928375244, 2.046457290649414, 2.2539303302764893, 2.053490400314331, 1.908272385597229, 2.1678075790405273, 1.8986810445785522, 1.8649299144744873, 1.8904770612716675, 1.89016854763031, 2.0063316822052, 1.735222578048706, 1.8995028734207153, 1.8690412044525146], "val_accuracy": [0.6133333444595337, 0.6549999713897705, 0.6520833373069763, 0.6191666722297668, 0.7024999856948853, 0.7333333492279053, 0.6812499761581421, 0.7520833611488342, 0.737500011920929, 0.7233333587646484, 0.7133333086967468, 0.7129166722297668, 0.7204166650772095, 0.737500011920929, 0.7116666436195374], "val_loss": [1.561783790588379, 1.2927976846694946, 1.3663222789764404, 1.3900935649871826, 1.2292277812957764, 1.0372337102890015, 1.3868341445922852, 0.9590399265289307, 0.994154155254364, 1.0966620445251465, 1.495779037475586, 1.1133873462677002, 1.1284953355789185, 1.0688565969467163, 1.3487002849578857]}