{"accuracy": [0.02286764793097973, 0.028823530301451683, 0.03529411926865578, 0.04205882176756859, 0.051249999552965164, 0.0603676475584507, 0.07397058606147766, 0.0868382379412651, 0.09919117391109467, 0.11242646723985672, 0.12529411911964417, 0.14124999940395355, 0.15492646396160126, 0.16897058486938477, 0.18352940678596497, 0.19963234663009644, 0.2130882292985916, 0.22661764919757843, 0.2423529475927353, 0.25808823108673096, 0.27455881237983704, 0.2896323502063751, 0.30352941155433655, 0.31794118881225586, 0.3274264633655548, 0.33691176772117615, 0.34529411792755127, 0.3554411828517914, 0.36463233828544617, 0.3733823597431183, 0.38198530673980713, 0.3905882239341736, 0.3998529314994812, 0.40867647528648376, 0.41860294342041016, 0.4264705777168274, 0.4355147182941437, 0.44169119000434875, 0.447794109582901, 0.45426470041275024, 0.46066176891326904, 0.4667647182941437, 0.4738970696926117, 0.47985294461250305, 0.4849264621734619, 0.49125000834465027, 0.4957352876663208, 0.5008823275566101, 0.5046323537826538, 0.5091176629066467], "loss": [3.4678447246551514, 3.4099223613739014, 3.354746103286743, 3.3020617961883545, 3.251643419265747, 3.2032973766326904, 3.1568515300750732, 3.1121575832366943, 3.069082021713257, 3.02751088142395, 2.9873416423797607, 2.9484853744506836, 2.910857915878296, 2.8743908405303955, 2.8390212059020996, 2.804691791534424, 2.7713537216186523, 2.738957643508911, 2.7074673175811768, 2.676842212677002, 2.64704966545105, 2.618060350418091, 2.589841365814209, 2.562368392944336, 2.535615921020508, 2.509558916091919, 2.484177589416504, 2.4594478607177734, 2.4353487491607666, 2.4118635654449463, 2.3889715671539307, 2.36665415763855, 2.3448948860168457, 2.3236746788024902, 2.302978038787842, 2.2827885150909424, 2.263091802597046, 2.2438693046569824, 2.2251064777374268, 2.206792116165161, 2.1889097690582275, 2.171447277069092, 2.1543896198272705, 2.137723684310913, 2.1214399337768555, 2.105523109436035, 2.0899648666381836, 2.0747501850128174, 2.059868812561035, 2.0453128814697266], "val_accuracy": [0.02291666716337204, 0.026249999180436134, 0.03375000134110451, 0.03958333283662796, 0.050833333283662796, 0.06041666492819786, 0.07124999910593033, 0.08749999850988388, 0.1054166629910469, 0.11666666716337204, 0.12916666269302368, 0.14291666448116302, 0.16208332777023315, 0.17624999582767487, 0.18791666626930237, 0.2058333307504654, 0.22333332896232605, 0.2408333271741867, 0.25208333134651184, 0.27166667580604553, 0.28333333134651184, 0.2983333468437195, 0.31041666865348816, 0.3187499940395355, 0.32624998688697815, 0.33416667580604553, 0.3466666638851166, 0.35333332419395447, 0.3658333420753479, 0.3733333349227905, 0.38499999046325684, 0.3916666805744171, 0.39916667342185974, 0.40958333015441895, 0.4154166579246521, 0.42250001430511475, 0.43166667222976685, 0.4387499988079071, 0.445416659116745, 0.4533333480358124, 0.46041667461395264, 0.46833333373069763, 0.4749999940395355, 0.48500001430511475, 0.4908333420753479, 0.4975000023841858, 0.5008333325386047, 0.5062500238418579, 0.5112500190734863, 0.5174999833106995], "val_loss": [3.4339840412139893, 3.377257823944092, 3.323180675506592, 3.271510124206543, 3.222034215927124, 3.1745681762695312, 3.128948450088501, 3.085031032562256, 3.042691469192505, 3.001816511154175, 2.9623095989227295, 2.924081563949585, 2.887056350708008, 2.8511648178100586, 2.8163459300994873, 2.782545566558838, 2.7497150897979736, 2.7178101539611816, 2.6867897510528564, 2.6566197872161865, 2.6272661685943604, 2.598698854446411, 2.5708887577056885, 2.5438101291656494, 2.5174381732940674, 2.4917502403259277, 2.4667232036590576, 2.442336320877075, 2.418569564819336, 2.3954031467437744, 2.3728184700012207, 2.3507983684539795, 2.3293240070343018, 2.308377981185913, 2.287945508956909, 2.268008232116699, 2.2485530376434326, 2.229562759399414, 2.2110238075256348, 2.1929214000701904, 2.1752419471740723, 2.1579720973968506, 2.1410982608795166, 2.1246085166931152, 2.108489990234375, 2.092731475830078, 2.0773210525512695, 2.062248468399048, 2.0475025177001953, 2.0330734252929688]}