{"accuracy": [0.049264706671237946, 0.11485294252634048, 0.19499999284744263, 0.2737500071525574, 0.3288235366344452, 0.3813970685005188, 0.41169118881225586, 0.4465441107749939, 0.4749264717102051, 0.4905882477760315, 0.515220582485199, 0.5236029624938965, 0.541985273361206, 0.5587499737739563, 0.570588231086731, 0.5768382549285889, 0.5868382453918457, 0.5942646861076355, 0.6005882620811462, 0.6153676509857178, 0.6163235306739807, 0.6233088374137878, 0.6272059082984924, 0.6347059011459351, 0.6387500166893005, 0.643750011920929, 0.6459558606147766, 0.6486029624938965, 0.6499999761581421, 0.6576470732688904, 0.6561764478683472, 0.6642646789550781, 0.6681617498397827, 0.6712499856948853, 0.6720588207244873, 0.6791176199913025, 0.6763235330581665, 0.678602933883667, 0.6802940964698792, 0.6850735545158386, 0.6869117617607117, 0.6874264478683472, 0.6905882358551025, 0.6947059035301208, 0.6942647099494934, 0.6977205872535706, 0.6953676342964172, 0.7024999856948853, 0.7022793889045715, 0.7022058963775635], "loss": [3.333718776702881, 3.046492099761963, 2.8161590099334717, 2.6226725578308105, 2.456075668334961, 2.313979148864746, 2.188225746154785, 2.07625150680542, 1.9856029748916626, 1.9037320613861084, 1.824143886566162, 1.76909339427948, 1.7065062522888184, 1.6493088006973267, 1.6065490245819092, 1.561205506324768, 1.526498556137085, 1.4923144578933716, 1.4610589742660522, 1.4335683584213257, 1.4050076007843018, 1.3811982870101929, 1.3594820499420166, 1.3330190181732178, 1.315488338470459, 1.293451189994812, 1.2744306325912476, 1.2659673690795898, 1.2499550580978394, 1.2395102977752686, 1.2222034931182861, 1.2053152322769165, 1.1950905323028564, 1.1878855228424072, 1.1729036569595337, 1.1581519842147827, 1.1541330814361572, 1.1457728147506714, 1.1390210390090942, 1.1254959106445312, 1.1178439855575562, 1.1090991497039795, 1.1033101081848145, 1.0971862077713013, 1.0963647365570068, 1.0874919891357422, 1.0782454013824463, 1.0716577768325806, 1.0683703422546387, 1.0620296001434326], "val_accuracy": [0.07500000298023224, 0.1979166716337204, 0.34041666984558105, 0.4266666769981384, 0.48750001192092896, 0.53125, 0.5533333420753479, 0.5720833539962769, 0.5874999761581421, 0.6008333563804626, 0.612500011920929, 0.6225000023841858, 0.6316666603088379, 0.6420833468437195, 0.653333306312561, 0.659583330154419, 0.6666666865348816, 0.67208331823349, 0.6758333444595337, 0.6804166436195374, 0.6875, 0.6887500286102295, 0.6979166865348816, 0.7020833492279053, 0.7079166769981384, 0.7116666436195374, 0.7162500023841858, 0.7212499976158142, 0.7225000262260437, 0.7270833253860474, 0.7304166555404663, 0.731249988079071, 0.73416668176651, 0.7358333468437195, 0.7404166460037231, 0.7391666769981384, 0.7429166436195374, 0.7458333373069763, 0.7504166960716248, 0.7512500286102295, 0.7549999952316284, 0.7570833563804626, 0.7574999928474426, 0.7587500214576721, 0.7608333230018616, 0.7608333230018616, 0.7616666555404663, 0.7616666555404663, 0.7629166841506958, 0.7670833468437195], "val_loss": [3.0907022953033447, 2.837752342224121, 2.6241531372070312, 2.4412710666656494, 2.2842979431152344, 2.1483395099639893, 2.030930757522583, 1.9282022714614868, 1.8382067680358887, 1.758846640586853, 1.6889362335205078, 1.6268342733383179, 1.5711500644683838, 1.520819067955017, 1.4759894609451294, 1.43495774269104, 1.3980724811553955, 1.3645849227905273, 1.3340516090393066, 1.3059428930282593, 1.2800848484039307, 1.2562512159347534, 1.234327793121338, 1.2141273021697998, 1.1952366828918457, 1.177748680114746, 1.1613659858703613, 1.1459941864013672, 1.1317318677902222, 1.1182913780212402, 1.1055958271026611, 1.093291163444519, 1.0821150541305542, 1.0717144012451172, 1.0615262985229492, 1.0518099069595337, 1.042723536491394, 1.0342116355895996, 1.0259864330291748, 1.0177063941955566, 1.0102688074111938, 1.0024802684783936, 0.9954094290733337, 0.9889646172523499, 0.9826543927192688, 0.9763872027397156, 0.9702715277671814, 0.9645136594772339, 0.9588344097137451, 0.9531883001327515]}