{"accuracy": [0.5669853091239929, 0.7079411745071411, 0.7321323752403259, 0.7455146908760071, 0.7515441179275513, 0.7539705634117126, 0.7605882287025452, 0.7629411816596985, 0.7677205801010132, 0.7733823657035828, 0.7805147171020508, 0.7837499976158142, 0.783088207244873, 0.7846323251724243, 0.791102945804596, 0.7875000238418579, 0.7905147075653076, 0.7942647337913513, 0.791911780834198, 0.7966911792755127, 0.7988235354423523, 0.7965441346168518, 0.7955882549285889, 0.800073504447937, 0.7961029410362244, 0.7998529672622681, 0.7981617450714111, 0.798235297203064, 0.7980882525444031, 0.8022794127464294, 0.8012499809265137, 0.8010293841362, 0.8049264550209045, 0.8052940964698792, 0.802647054195404, 0.8012499809265137, 0.802647054195404, 0.8080882430076599, 0.8043382167816162, 0.8064705729484558, 0.8007352948188782, 0.8058823347091675, 0.8062499761581421, 0.8082352876663208, 0.8077940940856934, 0.8069853186607361, 0.806176483631134, 0.8066911697387695, 0.8067647218704224, 0.8074264526367188], "loss": [1.512033462524414, 0.9914900660514832, 0.9018505215644836, 0.8409911394119263, 0.8090609312057495, 0.788476288318634, 0.7734788060188293, 0.7619224786758423, 0.7397250533103943, 0.7322871685028076, 0.7155258655548096, 0.7042722702026367, 0.6974128484725952, 0.6886271238327026, 0.6734383702278137, 0.6731313467025757, 0.6708129048347473, 0.6573016047477722, 0.6637779474258423, 0.6489697098731995, 0.6516597867012024, 0.6499033570289612, 0.6468575596809387, 0.6371027827262878, 0.6426641345024109, 0.6373301148414612, 0.6372617483139038, 0.629864513874054, 0.6351768374443054, 0.620623767375946, 0.6262953281402588, 0.6212146282196045, 0.6098678112030029, 0.6157639026641846, 0.6228882670402527, 0.6207497715950012, 0.613892674446106, 0.6049394011497498, 0.6128830313682556, 0.6092231273651123, 0.6137895584106445, 0.6081503033638, 0.6026278138160706, 0.6019643545150757, 0.6020550727844238, 0.6066253781318665, 0.6118739247322083, 0.60386723279953, 0.5986926555633545, 0.5992748737335205], "val_accuracy": [0.7479166388511658, 0.7816666960716248, 0.8045833110809326, 0.8162500262260437, 0.8295833468437195, 0.8349999785423279, 0.8420833349227905, 0.84375, 0.8445833325386047, 0.840416669845581, 0.8487499952316284, 0.8529166579246521, 0.8504166603088379, 0.8579166531562805, 0.8575000166893005, 0.8616666793823242, 0.8612499833106995, 0.8616666793823242, 0.8616666793823242, 0.8616666793823242, 0.8645833134651184, 0.85958331823349, 0.8708333373069763, 0.8650000095367432, 0.871666669845581, 0.8654166460037231, 0.8645833134651184, 0.8683333396911621, 0.8704166412353516, 0.872083306312561, 0.8733333349227905, 0.8754166960716248, 0.8770833611488342, 0.8704166412353516, 0.8766666650772095, 0.8725000023841858, 0.8729166388511658, 0.8766666650772095, 0.8725000023841858, 0.8787500262260437, 0.877916693687439, 0.8758333325386047, 0.8754166960716248, 0.8799999952316284, 0.8799999952316284, 0.8804166913032532, 0.8774999976158142, 0.8799999952316284, 0.8787500262260437, 0.8762500286102295], "val_loss": [0.9521007537841797, 0.7981711030006409, 0.7168187499046326, 0.6736887693405151, 0.6363152861595154, 0.6147981882095337, 0.5900388360023499, 0.5761309862136841, 0.5668315887451172, 0.5502383708953857, 0.5387111902236938, 0.5369558930397034, 0.526947557926178, 0.5140475034713745, 0.5062795281410217, 0.4990270435810089, 0.5021044611930847, 0.49259862303733826, 0.4876278042793274, 0.4839825928211212, 0.4773979187011719, 0.47777557373046875, 0.4673803150653839, 0.4707423448562622, 0.46142101287841797, 0.4706205725669861, 0.46348249912261963, 0.46164098381996155, 0.4548811912536621, 0.44895821809768677, 0.44930943846702576, 0.449695885181427, 0.4467654824256897, 0.44703876972198486, 0.4412665367126465, 0.4502888023853302, 0.4446304440498352, 0.441932737827301, 0.4383966028690338, 0.4361186623573303, 0.43123820424079895, 0.43459248542785645, 0.44310927391052246, 0.4255886673927307, 0.4295313060283661, 0.42520442605018616, 0.43428269028663635, 0.42902642488479614, 0.42333218455314636, 0.42707559466362]}