{"accuracy": [0.6533823609352112, 0.7557352781295776, 0.7966911792755127, 0.824999988079071, 0.8409558534622192, 0.8560293912887573, 0.8660294413566589, 0.8811029195785522, 0.8852941393852234, 0.8977205753326416, 0.8986764550209045, 0.9033823609352112, 0.9106617569923401, 0.9132353067398071, 0.9168382287025452, 0.9177941083908081, 0.9198529124259949, 0.9202941060066223, 0.9286764860153198, 0.9279412031173706, 0.9300734996795654, 0.9326470494270325, 0.93397057056427, 0.9332352876663208, 0.9391176700592041, 0.9381617903709412, 0.9386764764785767, 0.9416911602020264, 0.9458088278770447, 0.9435294270515442, 0.9436029195785522, 0.9478676319122314, 0.9463235139846802, 0.9477941393852234, 0.946397066116333, 0.9512500166893005, 0.9505147337913513, 0.9512500166893005, 0.9511029124259949, 0.951764702796936, 0.9524264931678772, 0.9497793912887573, 0.9542647004127502, 0.9547058939933777, 0.9585294127464294, 0.9561029672622681, 0.9561029672622681, 0.9579411745071411, 0.9568382501602173, 0.9609558582305908], "loss": [1.2206447124481201, 0.8130595684051514, 0.6666173338890076, 0.5662253499031067, 0.4939424693584442, 0.4423104226589203, 0.41054749488830566, 0.36260929703712463, 0.34739765524864197, 0.31806617975234985, 0.30314862728118896, 0.2889209985733032, 0.27705118060112, 0.2634384036064148, 0.24900934100151062, 0.24552902579307556, 0.23510250449180603, 0.23177607357501984, 0.21728038787841797, 0.21143651008605957, 0.20601528882980347, 0.19113406538963318, 0.1945778876543045, 0.1934957504272461, 0.1804659515619278, 0.18152983486652374, 0.17270274460315704, 0.17284071445465088, 0.16527511179447174, 0.16049547493457794, 0.16136106848716736, 0.15212774276733398, 0.15436331927776337, 0.1540406048297882, 0.15224429965019226, 0.14138007164001465, 0.1397477388381958, 0.13794997334480286, 0.14679192006587982, 0.13819636404514313, 0.13952206075191498, 0.14685827493667603, 0.13521967828273773, 0.13329964876174927, 0.1200299933552742, 0.1265435665845871, 0.12459396570920944, 0.12252385914325714, 0.12466882914304733, 0.11565419286489487], "val_accuracy": [0.7787500023841858, 0.8170833587646484, 0.8491666913032532, 0.8704166412353516, 0.8820833563804626, 0.8979166746139526, 0.9079166650772095, 0.9191666841506958, 0.918749988079071, 0.925000011920929, 0.9279166460037231, 0.9304166436195374, 0.9325000047683716, 0.9366666674613953, 0.9362499713897705, 0.934166669845581, 0.9458333253860474, 0.9441666603088379, 0.9445833563804626, 0.9470833539962769, 0.9458333253860474, 0.9508333206176758, 0.9537500143051147, 0.9495833516120911, 0.9420833587646484, 0.9512500166893005, 0.95333331823349, 0.9474999904632568, 0.9520833492279053, 0.95291668176651, 0.95291668176651, 0.95291668176651, 0.9541666507720947, 0.9549999833106995, 0.9595833420753479, 0.9579166769981384, 0.9591666460037231, 0.9549999833106995, 0.9554166793823242, 0.9608333110809326, 0.9591666460037231, 0.9599999785423279, 0.9566666483879089, 0.9608333110809326, 0.956250011920929, 0.9554166793823242, 0.9629166722297668, 0.9587500095367432, 0.9616666436195374, 0.9599999785423279], "val_loss": [0.8075786232948303, 0.6419504880905151, 0.521605908870697, 0.43454474210739136, 0.3902877867221832, 0.3417867422103882, 0.3057917654514313, 0.28082460165023804, 0.2782433331012726, 0.2515198886394501, 0.2335273027420044, 0.23165810108184814, 0.22180014848709106, 0.20500637590885162, 0.19925075769424438, 0.2003857046365738, 0.1842123121023178, 0.17194102704524994, 0.18036457896232605, 0.184922456741333, 0.17076405882835388, 0.16748259961605072, 0.15339799225330353, 0.15939554572105408, 0.17261402308940887, 0.1550256758928299, 0.1487254798412323, 0.1588308960199356, 0.1554918736219406, 0.16175803542137146, 0.1424080729484558, 0.14983125030994415, 0.15444415807724, 0.14627477526664734, 0.14075635373592377, 0.1387898325920105, 0.13548637926578522, 0.15521425008773804, 0.1436883509159088, 0.13479799032211304, 0.14574368298053741, 0.1369074285030365, 0.14102593064308167, 0.12794406712055206, 0.14660397171974182, 0.1323115974664688, 0.12594956159591675, 0.134647935628891, 0.13920675218105316, 0.1324324607849121]}