{"accuracy": [0.725882351398468, 0.8616176247596741, 0.8880882263183594, 0.9091911911964417, 0.9136029481887817, 0.9238970875740051, 0.926838219165802, 0.933897078037262, 0.9342647194862366, 0.9290441274642944, 0.9419853091239929, 0.9396323561668396, 0.939338207244873, 0.9419117569923401, 0.9483823776245117, 0.9486029148101807, 0.9413235187530518, 0.9518382549285889], "loss": [0.8923000693321228, 0.43005794286727905, 0.3439621925354004, 0.2823391258716583, 0.26543012261390686, 0.2324931025505066, 0.22115810215473175, 0.20546987652778625, 0.21341757476329803, 0.23476523160934448, 0.18721343576908112, 0.20127615332603455, 0.20624074339866638, 0.18634732067584991, 0.16801925003528595, 0.17815247178077698, 0.2101634442806244, 0.16966526210308075], "val_accuracy": [0.84375, 0.8916666507720947, 0.9016666412353516, 0.9145833253860474, 0.9133333563804626, 0.9079166650772095, 0.9120833277702332, 0.9145833253860474, 0.9279166460037231, 0.9195833206176758, 0.934166669845581, 0.9212499856948853, 0.9283333420753479, 0.9241666793823242, 0.9254166483879089, 0.9162499904632568, 0.9333333373069763, 0.9125000238418579], "val_loss": [0.5066185593605042, 0.3564542531967163, 0.3245881497859955, 0.29585570096969604, 0.2850656509399414, 0.312855988740921, 0.29930442571640015, 0.35496947169303894, 0.2991509735584259, 0.34706470370292664, 0.26324206590652466, 0.3360949456691742, 0.29622483253479004, 0.30954480171203613, 0.31502804160118103, 0.3916074335575104, 0.29738542437553406, 0.4151986837387085]}