{"accuracy": [0.42676469683647156, 0.6382352709770203, 0.692058801651001, 0.7105147242546082, 0.7328676581382751, 0.7447794079780579, 0.7519853115081787, 0.7552205920219421, 0.7612500190734863, 0.7667647004127502, 0.7733088135719299, 0.7747794389724731, 0.7789705991744995, 0.7808088064193726, 0.7837499976158142, 0.7840441465377808, 0.789338231086731, 0.7872794270515442, 0.7891911864280701, 0.7896323800086975, 0.7922058701515198, 0.7913970351219177, 0.793676495552063, 0.7975000143051147, 0.7949264645576477, 0.7978676557540894, 0.7943382263183594, 0.8030882477760315, 0.8030882477760315, 0.8016911745071411, 0.8039705753326416, 0.799044132232666, 0.8024264574050903, 0.8052940964698792, 0.8040441274642944, 0.8063235282897949, 0.8085294365882874, 0.8117647171020508, 0.8112499713897705, 0.8105146884918213, 0.8052940964698792, 0.8113970756530762, 0.8104411959648132, 0.8119117617607117, 0.8151470422744751, 0.8114705681800842, 0.8119117617607117, 0.8111764788627625, 0.8155882358551025, 0.8129411935806274], "loss": [1.995546579360962, 1.182695984840393, 1.0147062540054321, 0.926461398601532, 0.8645984530448914, 0.8222545385360718, 0.7812187075614929, 0.7704744935035706, 0.7538479566574097, 0.7424922585487366, 0.7118722200393677, 0.7129053473472595, 0.6926811933517456, 0.6767653226852417, 0.6799398064613342, 0.6637871265411377, 0.6567557454109192, 0.6515538692474365, 0.6480697989463806, 0.6462008357048035, 0.6339637041091919, 0.6364890933036804, 0.6243184804916382, 0.6198105216026306, 0.6248376965522766, 0.6120265126228333, 0.6203154921531677, 0.6085540652275085, 0.6010591387748718, 0.6046496629714966, 0.6018363833427429, 0.6076263785362244, 0.5944738984107971, 0.5983555912971497, 0.5938289761543274, 0.5941601395606995, 0.5933800339698792, 0.5820268988609314, 0.5838043689727783, 0.5845286846160889, 0.589332103729248, 0.5705063343048096, 0.5716201066970825, 0.5715775489807129, 0.5667365193367004, 0.570644736289978, 0.566387414932251, 0.5647846460342407, 0.562630295753479, 0.5652406811714172], "val_accuracy": [0.7200000286102295, 0.7766666412353516, 0.8020833134651184, 0.8133333325386047, 0.824999988079071, 0.8349999785423279, 0.8462499976158142, 0.8508333563804626, 0.8529166579246521, 0.8620833158493042, 0.8575000166893005, 0.8687499761581421, 0.8712499737739563, 0.8758333325386047, 0.8666666746139526, 0.8758333325386047, 0.8733333349227905, 0.8824999928474426, 0.8812500238418579, 0.8812500238418579, 0.8799999952316284, 0.8891666531562805, 0.8854166865348816, 0.8841666579246521, 0.8870833516120911, 0.8883333206176758, 0.8899999856948853, 0.8837500214576721, 0.8883333206176758, 0.8883333206176758, 0.887499988079071, 0.89083331823349, 0.8924999833106995, 0.8899999856948853, 0.8924999833106995, 0.8941666483879089, 0.8941666483879089, 0.8866666555404663, 0.8954166769981384, 0.8945833444595337, 0.8954166769981384, 0.8949999809265137, 0.8941666483879089, 0.8933333158493042, 0.8920833468437195, 0.89083331823349, 0.8941666483879089, 0.8966666460037231, 0.8945833444595337, 0.8954166769981384], "val_loss": [1.0892995595932007, 0.8325960040092468, 0.7288597822189331, 0.6695963144302368, 0.6305705904960632, 0.6020174026489258, 0.5677512288093567, 0.5440106987953186, 0.530754566192627, 0.5132678747177124, 0.5049790143966675, 0.49316486716270447, 0.47767964005470276, 0.4722731113433838, 0.4696391820907593, 0.46381112933158875, 0.45252248644828796, 0.4463007152080536, 0.43870773911476135, 0.4347366988658905, 0.43075743317604065, 0.4212697148323059, 0.41988688707351685, 0.41514110565185547, 0.4138002395629883, 0.40855416655540466, 0.4056379795074463, 0.40855926275253296, 0.4027237594127655, 0.4024985134601593, 0.4000091254711151, 0.39620667695999146, 0.3962650001049042, 0.3945219814777374, 0.3877260386943817, 0.388047993183136, 0.38940882682800293, 0.3900553286075592, 0.3875206708908081, 0.3837690055370331, 0.38697248697280884, 0.3762773275375366, 0.3833647668361664, 0.38440394401550293, 0.3799666464328766, 0.38073527812957764, 0.3711428940296173, 0.3729049563407898, 0.37239131331443787, 0.36968645453453064]}