{"accuracy": [0.3449999988079071, 0.553602933883667, 0.6175734996795654, 0.6595588326454163, 0.6784558892250061, 0.6931617856025696, 0.707058846950531, 0.7130882143974304, 0.7220588326454163, 0.7292646765708923, 0.732205867767334, 0.7384558916091919, 0.7402940988540649, 0.7441176176071167, 0.7497059106826782, 0.7502205967903137, 0.7561029195785522, 0.7552205920219421, 0.7594117522239685, 0.7593382596969604, 0.7641911506652832, 0.762426495552063, 0.7667647004127502, 0.7651470303535461, 0.7686029672622681, 0.7685294151306152, 0.7733823657035828, 0.7721323370933533, 0.7725735306739807, 0.7741912007331848, 0.7755882143974304, 0.7756617665290833, 0.7766176462173462, 0.7808823585510254, 0.7800735235214233, 0.7788235545158386, 0.7828676700592041, 0.785588264465332, 0.78477942943573, 0.7877941131591797, 0.7871323823928833, 0.7877205610275269, 0.7891911864280701, 0.7916176319122314, 0.7909559011459351, 0.791102945804596, 0.7935293912887573, 0.7950000166893005, 0.7961764931678772, 0.7947794198989868], "loss": [2.5125858783721924, 1.7987356185913086, 1.521425724029541, 1.3668640851974487, 1.2688709497451782, 1.1986881494522095, 1.1434402465820312, 1.103542447090149, 1.0716978311538696, 1.0397469997406006, 1.0163077116012573, 0.9995065927505493, 0.9770253896713257, 0.9630073308944702, 0.9469125270843506, 0.9378324747085571, 0.9224668741226196, 0.9125275015830994, 0.900057852268219, 0.8920131325721741, 0.8876895904541016, 0.8743675947189331, 0.8666501045227051, 0.8659640550613403, 0.8573774695396423, 0.8538191318511963, 0.8429564833641052, 0.8370672464370728, 0.8294846415519714, 0.8261914849281311, 0.8178163766860962, 0.8165252804756165, 0.8097745776176453, 0.802278995513916, 0.7999938726425171, 0.7931195497512817, 0.791297972202301, 0.7849099040031433, 0.7803905606269836, 0.7723438739776611, 0.7707095146179199, 0.7647819519042969, 0.760472297668457, 0.7566481828689575, 0.7568716406822205, 0.7491495013237, 0.7368423938751221, 0.7380022406578064, 0.7347778081893921, 0.73210608959198], "val_accuracy": [0.5320833325386047, 0.622083306312561, 0.67166668176651, 0.70291668176651, 0.7179166674613953, 0.7291666865348816, 0.7370833158493042, 0.7445833086967468, 0.7537500262260437, 0.7566666603088379, 0.762499988079071, 0.7641666531562805, 0.7704166769981384, 0.7716666460037231, 0.7741666436195374, 0.7762500047683716, 0.778333306312561, 0.7820833325386047, 0.7829166650772095, 0.7870833277702332, 0.7879166603088379, 0.7908333539962769, 0.7912499904632568, 0.7916666865348816, 0.7912499904632568, 0.793749988079071, 0.7958333492279053, 0.7991666793823242, 0.8004166483879089, 0.8004166483879089, 0.8025000095367432, 0.8037499785423279, 0.8037499785423279, 0.8045833110809326, 0.8075000047683716, 0.8070833086967468, 0.8083333373069763, 0.8079166412353516, 0.8108333349227905, 0.8112499713897705, 0.8120833039283752, 0.8116666674613953, 0.8162500262260437, 0.815416693687439, 0.8162500262260437, 0.8179166913032532, 0.8166666626930237, 0.8191666603088379, 0.8174999952316284, 0.8187500238418579], "val_loss": [1.981764554977417, 1.5895849466323853, 1.3936970233917236, 1.2751213312149048, 1.1946730613708496, 1.1361901760101318, 1.0909265279769897, 1.0546417236328125, 1.0248994827270508, 1.0001819133758545, 0.9793474078178406, 0.9608705639839172, 0.9446043968200684, 0.9297826886177063, 0.9172745943069458, 0.9055193066596985, 0.8945331573486328, 0.8845674395561218, 0.8756256103515625, 0.8664783835411072, 0.8586909174919128, 0.8512119054794312, 0.8438587784767151, 0.8368961811065674, 0.8306857347488403, 0.8246410489082336, 0.8181101679801941, 0.8126999139785767, 0.8063858151435852, 0.8008872866630554, 0.7949457764625549, 0.7896410226821899, 0.7845832109451294, 0.7799323797225952, 0.7743929624557495, 0.7691372036933899, 0.7641307711601257, 0.759597897529602, 0.7546237707138062, 0.7503175735473633, 0.7455057501792908, 0.740513801574707, 0.7360612154006958, 0.7313272356987, 0.7271950840950012, 0.7225585579872131, 0.7177737355232239, 0.7134515047073364, 0.7089311480522156, 0.7046313881874084]}