{"accuracy": [0.557941198348999, 0.7299264669418335, 0.7681617736816406, 0.791911780834198, 0.8083088397979736, 0.8233823776245117, 0.8283088207244873, 0.8354411721229553, 0.8391176462173462, 0.8458088040351868, 0.8486764430999756, 0.8511765003204346, 0.8535293936729431, 0.8561029434204102, 0.8575000166893005, 0.863308846950531, 0.8629412055015564, 0.8663970828056335, 0.8670588135719299, 0.8628676533699036, 0.8685294389724731, 0.8721323609352112, 0.868676483631134, 0.8716176748275757, 0.8725735545158386, 0.8727940917015076, 0.8772059082984924, 0.8750735521316528, 0.8754411935806274, 0.8791911602020264, 0.877573549747467, 0.8758823275566101, 0.876764714717865, 0.8822793960571289, 0.8800735473632812, 0.8833823800086975, 0.8817647099494934, 0.8839705586433411, 0.8845587968826294, 0.8841911554336548, 0.8861764669418335, 0.8868382573127747, 0.8836764693260193, 0.8869117498397827, 0.8869853019714355, 0.8877941370010376, 0.8852205872535706, 0.8877205848693848, 0.891029417514801, 0.8862500190734863], "loss": [1.5301523208618164, 0.8723312616348267, 0.7360404133796692, 0.6605343818664551, 0.6009616255760193, 0.5611796975135803, 0.5434304475784302, 0.523432195186615, 0.5028374791145325, 0.4841553866863251, 0.4685553014278412, 0.46407413482666016, 0.44584518671035767, 0.4383606016635895, 0.438192754983902, 0.42300945520401, 0.4170030653476715, 0.40720847249031067, 0.40690186619758606, 0.41429388523101807, 0.40286147594451904, 0.3952846825122833, 0.3882737457752228, 0.3923260569572449, 0.38355934619903564, 0.3847672641277313, 0.3720966577529907, 0.38106614351272583, 0.37048038840293884, 0.36342158913612366, 0.3597607910633087, 0.36426618695259094, 0.3663402199745178, 0.35290634632110596, 0.35623329877853394, 0.3554125130176544, 0.3509807288646698, 0.3493233621120453, 0.34440913796424866, 0.3475494682788849, 0.3372960388660431, 0.3390597999095917, 0.34049180150032043, 0.3389696180820465, 0.3363857865333557, 0.3381415605545044, 0.33752745389938354, 0.33868852257728577, 0.3304857313632965, 0.33952733874320984], "val_accuracy": [0.7679166793823242, 0.8125, 0.8374999761581421, 0.8583333492279053, 0.8687499761581421, 0.8774999976158142, 0.8758333325386047, 0.8833333253860474, 0.8833333253860474, 0.8862500190734863, 0.8891666531562805, 0.8970833420753479, 0.8933333158493042, 0.8916666507720947, 0.8974999785423279, 0.8933333158493042, 0.8991666436195374, 0.9004166722297668, 0.9008333086967468, 0.9004166722297668, 0.9024999737739563, 0.902916669845581, 0.9066666960716248, 0.903333306312561, 0.909166693687439, 0.9049999713897705, 0.9079166650772095, 0.9108333587646484, 0.9075000286102295, 0.9145833253860474, 0.9125000238418579, 0.9108333587646484, 0.9137499928474426, 0.9150000214576721, 0.9170833230018616, 0.9179166555404663, 0.918749988079071, 0.9141666889190674, 0.9108333587646484, 0.9175000190734863, 0.9154166579246521, 0.9129166603088379, 0.918749988079071, 0.9141666889190674, 0.9150000214576721, 0.9170833230018616, 0.9141666889190674, 0.9137499928474426, 0.9129166603088379, 0.9125000238418579], "val_loss": [0.8691158294677734, 0.6622201800346375, 0.5710041522979736, 0.5112783312797546, 0.4686845541000366, 0.4416295289993286, 0.4238797128200531, 0.39963361620903015, 0.3880355656147003, 0.38117891550064087, 0.36797547340393066, 0.36210790276527405, 0.35770606994628906, 0.35024842619895935, 0.3404196798801422, 0.3468446731567383, 0.3311302661895752, 0.3354648947715759, 0.3348958194255829, 0.3339484632015228, 0.3254014849662781, 0.32414767146110535, 0.31550899147987366, 0.32505154609680176, 0.32227689027786255, 0.3191908895969391, 0.31389719247817993, 0.31350433826446533, 0.31693795323371887, 0.3042125403881073, 0.30967530608177185, 0.3060263693332672, 0.3039281368255615, 0.3049377202987671, 0.29614976048469543, 0.2981739938259125, 0.3039165139198303, 0.2981838881969452, 0.2936208248138428, 0.3027598559856415, 0.30389404296875, 0.2998611330986023, 0.29241400957107544, 0.29408639669418335, 0.289884477853775, 0.2985456883907318, 0.2906321585178375, 0.28861138224601746, 0.2946738004684448, 0.2868935167789459]}