model,accuracy,precision,recall,f1
Bagging,0.7906976744186046,0.7481684981684981,0.8087301587301586,0.7713064713064713
AdaBoost,0.4418604651162791,0.5018796992481204,0.3992063492063492,0.42332830568124685
GradientBoosting,0.7441860465116279,0.7234126984126984,0.7849206349206348,0.747008547008547
RandomForest,0.7906976744186046,0.7638888888888888,0.8095238095238094,0.7790123456790123
