model,alpha,MAE,RMSE,R2
RidgeCV,95.45484566618347,995.844,1461.091,0.84
LassoCV,55.53161298181698,996.544,1450.672,0.8423
