,precision,recall,f1-score,support
0,0.9811320754716981,0.43333333333333335,0.6011560693641619,120.0
1,0.8040345821325648,0.9964285714285714,0.8899521531100478,280.0
accuracy,0.8275,0.8275,0.8275,0.8275
macro avg,0.8925833288021314,0.7148809523809524,0.7455541112371049,400.0
weighted avg,0.8571638301343049,0.8275,0.8033133279862821,400.0
