,age,trestbps,chol,thalch,oldpeak,num
age,1.0,0.2539993782862821,-0.09996683124855187,-0.32808844465246867,0.2426623961523708,0.3264929389671292
trestbps,0.2539993782862821,1.0,0.11748771696614115,-0.13335986801097394,0.1671309784386287,0.1372508920202857
chol,-0.09996683124855187,0.11748771696614115,1.0,0.19790713655038997,0.029898173576802637,-0.23881341343690432
thalch,-0.32808844465246867,-0.13335986801097394,0.19790713655038997,1.0,-0.13959814926378245,-0.323058474568663
oldpeak,0.2426623961523708,0.1671309784386287,0.029898173576802637,-0.13959814926378245,1.0,0.43757709343249257
num,0.3264929389671292,0.1372508920202857,-0.23881341343690432,-0.323058474568663,0.43757709343249257,1.0
