,count,mean,std,min,25%,50%,75%,max
age,908.0,53.791850220264315,9.158030660005624,29.0,47.75,54.0,60.0,77.0
trestbps,908.0,133.4306167400881,20.40160804065627,0.0,120.0,130.0,144.0,200.0
chol,908.0,201.48458149779736,112.09794890137475,0.0,176.75,224.0,270.0,603.0
thalch,908.0,135.95704845814979,26.80492896983938,60.0,118.0,138.0,156.0,202.0
oldpeak,846.0,0.8912529550827422,1.0938749708784519,-2.6,0.0,0.5,1.5,6.2
num,908.0,1.0088105726872247,1.1444364801646945,0.0,0.0,1.0,2.0,4.0
