metric,value
accuracy,0.8275
precision,0.8040345821325648
recall,0.9964285714285714
f1_score,0.8899521531100478
