,Unnamed: 0,stalk_height,cap_diameter
Unnamed: 0,1.0,-0.0022975003152604892,0.05059011889730662
stalk_height,-0.0022975003152604892,1.0,-0.005836434522745341
cap_diameter,0.05059011889730662,-0.005836434522745341,1.0
