model,accuracy,f1_macro,f1_weighted
baseline,0.925,0.9250167770984831,0.9250167770984832
tuned,0.925,0.9250167770984831,0.9250167770984832
