{
  "baseline": {
    "accuracy": 0.925,
    "f1_macro": 0.9250167770984831,
    "f1_weighted": 0.9250167770984832
  },
  "tuned": {
    "accuracy": 0.925,
    "f1_macro": 0.9250167770984831,
    "f1_weighted": 0.9250167770984832,
    "best_params": {
      "clf__alpha": 1.0,
      "tfidf__ngram_range": [
        1,
        2
      ]
    }
  }
}