{
  "accuracy": 0.94175,
  "precision_macro": 0.9425718585241367,
  "recall_macro": 0.9414119570644849,
  "f1_macro": 0.9415497778865703,
  "precision_weighted": 0.9428214963664228,
  "recall_weighted": 0.94175,
  "f1_weighted": 0.9418446995258499,
  "n_test_samples": 4000
}