{"accuracy": [0.3520588278770447, 0.612573504447937, 0.670514702796936, 0.7004411816596985, 0.717941164970398, 0.7319117784500122, 0.7397794127464294, 0.7441176176071167, 0.7546323537826538, 0.7547793984413147, 0.7626470327377319, 0.7661029696464539, 0.7709558606147766, 0.7765440940856934, 0.7760294079780579, 0.7835294008255005, 0.7841911911964417, 0.7856617569923401, 0.7917646765708923, 0.7927941083908081, 0.7946323752403259, 0.7995588183403015, 0.7993382215499878, 0.7993382215499878, 0.7991176247596741, 0.8047794103622437, 0.8095588088035583, 0.8055146932601929, 0.8164705634117126, 0.8114705681800842, 0.814264714717865, 0.8156617879867554, 0.8172059059143066, 0.816102921962738, 0.8153676390647888, 0.8176470398902893, 0.8185294270515442, 0.8214705586433411, 0.8208088278770447, 0.8261764645576477, 0.824191153049469, 0.825955867767334, 0.8271323442459106, 0.8270588517189026, 0.8234558701515198, 0.8279411792755127, 0.8281617760658264, 0.8304411768913269, 0.8351470828056335, 0.833088219165802], "loss": [2.37892746925354, 1.4730844497680664, 1.2139116525650024, 1.0870981216430664, 1.0111368894577026, 0.9632629156112671, 0.9217289686203003, 0.8903459906578064, 0.8606065511703491, 0.8410098552703857, 0.8184881806373596, 0.7992545962333679, 0.7808923125267029, 0.7674813866615295, 0.7572903037071228, 0.7361944913864136, 0.7266751527786255, 0.7175710797309875, 0.6992666721343994, 0.6977348923683167, 0.6828648447990417, 0.6733022332191467, 0.666455864906311, 0.6625852584838867, 0.654301106929779, 0.6431971788406372, 0.6330752372741699, 0.6359235048294067, 0.6190122365951538, 0.6152393221855164, 0.6099526286125183, 0.6069881916046143, 0.5989739894866943, 0.5949670076370239, 0.5992488265037537, 0.5908529758453369, 0.5889739990234375, 0.5801538228988647, 0.5828956961631775, 0.5625301003456116, 0.5643516182899475, 0.5623070001602173, 0.5613259077072144, 0.5564281344413757, 0.5546769499778748, 0.5529908537864685, 0.5502233505249023, 0.5451086163520813, 0.5297479033470154, 0.5334216952323914], "val_accuracy": [0.606249988079071, 0.7054166793823242, 0.7416666746139526, 0.7574999928474426, 0.7704166769981384, 0.7825000286102295, 0.7887499928474426, 0.793749988079071, 0.8016666769981384, 0.8041666746139526, 0.8108333349227905, 0.8170833587646484, 0.8179166913032532, 0.8237500190734863, 0.8295833468437195, 0.8308333158493042, 0.8370833396911621, 0.840833306312561, 0.840416669845581, 0.8420833349227905, 0.8424999713897705, 0.8475000262260437, 0.8495833277702332, 0.8541666865348816, 0.8541666865348816, 0.8537499904632568, 0.8579166531562805, 0.862500011920929, 0.8616666793823242, 0.8658333420753479, 0.8670833110809326, 0.8687499761581421, 0.8662499785423279, 0.872083306312561, 0.8708333373069763, 0.8725000023841858, 0.8762500286102295, 0.8770833611488342, 0.8762500286102295, 0.877916693687439, 0.877916693687439, 0.878333330154419, 0.877916693687439, 0.878333330154419, 0.8770833611488342, 0.8816666603088379, 0.8829166889190674, 0.8816666603088379, 0.8824999928474426, 0.8833333253860474], "val_loss": [1.648329734802246, 1.2236353158950806, 1.0563273429870605, 0.9609533548355103, 0.9003006815910339, 0.8528022766113281, 0.8162437081336975, 0.7846896648406982, 0.7562134265899658, 0.7338435649871826, 0.7124562859535217, 0.6945264935493469, 0.677344560623169, 0.6605646014213562, 0.6462273001670837, 0.6341707706451416, 0.6191035509109497, 0.6067528128623962, 0.5961968302726746, 0.5871358513832092, 0.5759438872337341, 0.5641595721244812, 0.556206464767456, 0.5464420914649963, 0.5398760437965393, 0.5324594378471375, 0.5228611826896667, 0.5154087543487549, 0.5103094577789307, 0.5055837631225586, 0.498269259929657, 0.4914938807487488, 0.487321674823761, 0.47853267192840576, 0.475016325712204, 0.4678122401237488, 0.4623011350631714, 0.45986923575401306, 0.45471298694610596, 0.4483969211578369, 0.445681095123291, 0.44254764914512634, 0.4356876611709595, 0.43489882349967957, 0.43100905418395996, 0.42473796010017395, 0.42108961939811707, 0.4194262623786926, 0.41515207290649414, 0.4123360216617584]}