{"accuracy": [0.5288235545158386, 0.6942647099494934, 0.7188235521316528, 0.7345588207244873, 0.749191164970398, 0.7551470398902893, 0.7630882263183594, 0.7647058963775635, 0.7736764550209045, 0.7730882167816162, 0.7772058844566345, 0.7813970446586609, 0.7779411673545837, 0.7816176414489746, 0.785588264465332, 0.7933087944984436, 0.7895588278770447, 0.7918382287025452, 0.7959558963775635, 0.7960293889045715, 0.7925735116004944, 0.7995588183403015, 0.7952206134796143, 0.7959558963775635, 0.7994117736816406, 0.7991176247596741, 0.8016911745071411, 0.8046323657035828, 0.7983088493347168, 0.8012499809265137, 0.8039705753326416, 0.8031617403030396, 0.7994117736816406, 0.8060294389724731, 0.8030882477760315, 0.8091176748275757, 0.8087499737739563, 0.8058088421821594, 0.8095588088035583, 0.8055882453918457, 0.8064705729484558, 0.8075000047683716, 0.8038235306739807, 0.8149264454841614, 0.8134558796882629, 0.8130146861076355, 0.8065441250801086, 0.8069853186607361, 0.8120588064193726, 0.8087499737739563], "loss": [1.6435673236846924, 1.0402278900146484, 0.9377077221870422, 0.8818422555923462, 0.8252605199813843, 0.7957876920700073, 0.7763895988464355, 0.7590115666389465, 0.7367027997970581, 0.7296152710914612, 0.7254613637924194, 0.7033538222312927, 0.7106243371963501, 0.6902946829795837, 0.6902822852134705, 0.6689825057983398, 0.6718777418136597, 0.6685918569564819, 0.6570160388946533, 0.6537399291992188, 0.6550731062889099, 0.6371632218360901, 0.6441619992256165, 0.6452144980430603, 0.642471194267273, 0.6357421875, 0.6251978278160095, 0.6208786368370056, 0.6357013583183289, 0.6194109320640564, 0.6140716671943665, 0.6258804202079773, 0.6224246621131897, 0.6215397119522095, 0.6245401501655579, 0.6037944555282593, 0.6155984401702881, 0.6124131679534912, 0.6033117175102234, 0.6040637493133545, 0.6097822189331055, 0.5929743051528931, 0.6092596650123596, 0.5941702723503113, 0.5944695472717285, 0.5855940580368042, 0.6038420796394348, 0.5915673971176147, 0.5928441882133484, 0.5991083979606628], "val_accuracy": [0.7329166531562805, 0.7804166674613953, 0.7975000143051147, 0.8137500286102295, 0.8212500214576721, 0.8329166769981384, 0.8387500047683716, 0.84375, 0.8504166603088379, 0.8570833206176758, 0.8566666841506958, 0.8504166603088379, 0.8583333492279053, 0.8608333468437195, 0.8645833134651184, 0.8608333468437195, 0.8645833134651184, 0.8654166460037231, 0.8683333396911621, 0.8725000023841858, 0.8704166412353516, 0.871666669845581, 0.8704166412353516, 0.8729166388511658, 0.8733333349227905, 0.8795833587646484, 0.8691666722297668, 0.877916693687439, 0.8787500262260437, 0.8816666603088379, 0.8820833563804626, 0.8795833587646484, 0.8791666626930237, 0.8833333253860474, 0.8837500214576721, 0.8820833563804626, 0.887499988079071, 0.8820833563804626, 0.8887500166893005, 0.8862500190734863, 0.8883333206176758, 0.8879166841506958, 0.8849999904632568, 0.8820833563804626, 0.8858333230018616, 0.8854166865348816, 0.8883333206176758, 0.8891666531562805, 0.8887500166893005, 0.8883333206176758], "val_loss": [0.9861946702003479, 0.8226158022880554, 0.7365700006484985, 0.6855238080024719, 0.6539669036865234, 0.6237336993217468, 0.5963281989097595, 0.5798186659812927, 0.5600507855415344, 0.541102945804596, 0.5336283445358276, 0.5307048559188843, 0.5195834636688232, 0.5092528462409973, 0.5032072067260742, 0.4923514723777771, 0.482310950756073, 0.48091456294059753, 0.47370436787605286, 0.46977558732032776, 0.4728585183620453, 0.4657326340675354, 0.4689754247665405, 0.45863428711891174, 0.44880402088165283, 0.45161792635917664, 0.4564887583255768, 0.447725385427475, 0.4421115219593048, 0.437735378742218, 0.4385272264480591, 0.435159295797348, 0.4341592788696289, 0.4291967749595642, 0.43604838848114014, 0.4319474697113037, 0.4245389997959137, 0.4293074607849121, 0.4237422049045563, 0.4207940101623535, 0.41993266344070435, 0.42069339752197266, 0.418610155582428, 0.42811641097068787, 0.41107985377311707, 0.4087126553058624, 0.4146912693977356, 0.4104808270931244, 0.41302046179771423, 0.4134582281112671]}