{"accuracy": [0.048676472157239914, 0.060147058218717575, 0.0847058817744255, 0.09602940827608109, 0.1186029389500618, 0.13786764442920685, 0.15477940440177917, 0.18242646753787994, 0.2033088207244873, 0.22580882906913757, 0.2483823597431183, 0.2738235294818878, 0.28595587611198425, 0.3032352924346924, 0.32007351517677307, 0.3336029350757599, 0.34558823704719543, 0.36838236451148987, 0.3776470720767975, 0.38448530435562134, 0.3998529314994812, 0.41007351875305176, 0.4244117736816406, 0.4333823621273041, 0.4431617558002472, 0.44507351517677307, 0.46080881357192993, 0.4646323621273041, 0.4762499928474426, 0.4824264645576477, 0.48338234424591064, 0.491102933883667, 0.4950000047683716, 0.5047793984413147, 0.5112500190734863, 0.5133088231086731, 0.5234558582305908, 0.5224999785423279, 0.5326470732688904, 0.5263235569000244, 0.5412499904632568, 0.5441176295280457, 0.5477206110954285, 0.5472058653831482, 0.551764726638794, 0.5564705729484558, 0.5631617903709412, 0.5594117641448975, 0.5652205944061279, 0.5711029171943665], "loss": [3.316041946411133, 3.2418806552886963, 3.1918227672576904, 3.1415116786956787, 3.0831868648529053, 3.0109639167785645, 2.936241626739502, 2.8481252193450928, 2.7559473514556885, 2.672309637069702, 2.570396900177002, 2.477081298828125, 2.3884384632110596, 2.3111870288848877, 2.2297980785369873, 2.1664202213287354, 2.107578754425049, 2.038893699645996, 1.9975502490997314, 1.956253170967102, 1.9044474363327026, 1.8637174367904663, 1.8252135515213013, 1.7992329597473145, 1.7663129568099976, 1.7451618909835815, 1.7034945487976074, 1.6856002807617188, 1.6589314937591553, 1.6468456983566284, 1.628064513206482, 1.6038135290145874, 1.5823127031326294, 1.5693739652633667, 1.5433257818222046, 1.522849440574646, 1.5046836137771606, 1.5022096633911133, 1.4722362756729126, 1.4676659107208252, 1.4568564891815186, 1.439035177230835, 1.4323885440826416, 1.4241278171539307, 1.4054371118545532, 1.3972392082214355, 1.3885666131973267, 1.3700791597366333, 1.370048999786377, 1.3618643283843994], "val_accuracy": [0.09916666895151138, 0.1837500035762787, 0.21958333253860474, 0.2445833384990692, 0.2704166769981384, 0.2966666519641876, 0.32083332538604736, 0.3462499976158142, 0.3879166543483734, 0.41458332538604736, 0.4350000023841858, 0.46541666984558105, 0.4741666615009308, 0.5004166960716248, 0.5191666483879089, 0.5420833230018616, 0.5545833110809326, 0.5691666603088379, 0.5808333158493042, 0.5941666960716248, 0.6058333516120911, 0.6183333396911621, 0.6287500262260437, 0.6345833539962769, 0.64083331823349, 0.6470833420753479, 0.6579166650772095, 0.6604166626930237, 0.6666666865348816, 0.6733333468437195, 0.6758333444595337, 0.6779166460037231, 0.6804166436195374, 0.6858333349227905, 0.6891666650772095, 0.6920833587646484, 0.6949999928474426, 0.6949999928474426, 0.6979166865348816, 0.6995833516120911, 0.706250011920929, 0.7108333110809326, 0.7108333110809326, 0.7141666412353516, 0.7200000286102295, 0.7208333611488342, 0.7225000262260437, 0.7279166579246521, 0.7283333539962769, 0.7320833206176758], "val_loss": [3.199070453643799, 3.1446027755737305, 3.089512825012207, 3.0264716148376465, 2.9471349716186523, 2.851313591003418, 2.742222785949707, 2.620570182800293, 2.4912054538726807, 2.3621397018432617, 2.2347910404205322, 2.1102328300476074, 1.9966695308685303, 1.896809697151184, 1.803572177886963, 1.7195723056793213, 1.6510242223739624, 1.5868231058120728, 1.5321894884109497, 1.4817336797714233, 1.4367567300796509, 1.3974095582962036, 1.3608402013778687, 1.3292523622512817, 1.2997198104858398, 1.2752772569656372, 1.250415325164795, 1.2285012006759644, 1.2049723863601685, 1.1869385242462158, 1.169236421585083, 1.1518141031265259, 1.1355921030044556, 1.1198079586029053, 1.1032803058624268, 1.091947317123413, 1.076624870300293, 1.064748764038086, 1.0537397861480713, 1.0413539409637451, 1.030322551727295, 1.0192192792892456, 1.0093008279800415, 0.9996203780174255, 0.9898505806922913, 0.9804609417915344, 0.9725311398506165, 0.965423047542572, 0.9558919072151184, 0.9487605690956116]}