{"accuracy": [0.23250000178813934, 0.47183823585510254, 0.5787500143051147, 0.6405882239341736, 0.6819853186607361, 0.7095588445663452, 0.7277941107749939, 0.7424264550209045, 0.754338264465332, 0.7646323442459106, 0.7730147242546082, 0.7823529243469238, 0.7897794246673584, 0.7966911792755127, 0.8030146956443787, 0.80897057056427, 0.8144853115081787, 0.8185294270515442, 0.8236029148101807, 0.8283823728561401, 0.832058846950531, 0.8371323347091675, 0.8423529267311096, 0.8461764454841614, 0.8502205610275269, 0.8532353043556213, 0.8566911816596985, 0.8592647314071655, 0.8613970875740051, 0.8650000095367432, 0.8676470518112183, 0.8702206015586853, 0.8733823299407959, 0.8753676414489746, 0.8777941465377808, 0.880367636680603, 0.8830146789550781, 0.885735273361206, 0.8875735402107239, 0.889264702796936, 0.8911764621734619, 0.8933088183403015, 0.8950735330581665, 0.897352933883667, 0.899117648601532, 0.900882363319397, 0.9022794365882874, 0.9039705991744995, 0.9052941203117371, 0.9073529243469238], "loss": [2.91172194480896, 2.2827818393707275, 1.847430944442749, 1.5559675693511963, 1.357336163520813, 1.2166898250579834, 1.112614631652832, 1.032292366027832, 0.9679484963417053, 0.9148542881011963, 0.8698781728744507, 0.8309931755065918, 0.7968514561653137, 0.7664799094200134, 0.7391570806503296, 0.7143611311912537, 0.6916881799697876, 0.6707975268363953, 0.6514126658439636, 0.6333295106887817, 0.6163915395736694, 0.600467324256897, 0.5854373574256897, 0.5712170004844666, 0.5577389597892761, 0.5449385643005371, 0.5327573418617249, 0.5211389064788818, 0.5100367069244385, 0.4994138777256012, 0.48925426602363586, 0.47950148582458496, 0.47012805938720703, 0.46108612418174744, 0.45238083600997925, 0.4439874589443207, 0.43588078022003174, 0.4280531108379364, 0.42047709226608276, 0.41314658522605896, 0.4060496389865875, 0.3991679251194, 0.39250993728637695, 0.3860570192337036, 0.379787802696228, 0.3736879527568817, 0.3677757680416107, 0.36203035712242126, 0.356441468000412, 0.3510158658027649], "val_accuracy": [0.4008333384990692, 0.550000011920929, 0.6329166889190674, 0.6804166436195374, 0.7066666483879089, 0.7304166555404663, 0.7420833110809326, 0.7579166889190674, 0.7716666460037231, 0.7833333611488342, 0.7920833230018616, 0.7987499833106995, 0.809166669845581, 0.8137500286102295, 0.8179166913032532, 0.8241666555404663, 0.8254166841506958, 0.8287500143051147, 0.831250011920929, 0.8345833420753479, 0.8362500071525574, 0.8399999737739563, 0.8420833349227905, 0.8479166626930237, 0.8525000214576721, 0.8554166555404663, 0.8575000166893005, 0.8604166507720947, 0.8608333468437195, 0.8620833158493042, 0.8616666793823242, 0.8658333420753479, 0.8675000071525574, 0.8695833086967468, 0.8712499737739563, 0.8737499713897705, 0.8754166960716248, 0.8770833611488342, 0.8774999976158142, 0.8791666626930237, 0.8808333277702332, 0.8804166913032532, 0.8845833539962769, 0.8862500190734863, 0.8870833516120911, 0.8887500166893005, 0.8916666507720947, 0.8920833468437195, 0.8920833468437195, 0.8933333158493042], "val_loss": [2.556607246398926, 2.0260965824127197, 1.669398307800293, 1.430671215057373, 1.2665055990219116, 1.1486327648162842, 1.059981107711792, 0.9904707670211792, 0.9340483546257019, 0.8870763182640076, 0.8469992876052856, 0.81219482421875, 0.7815719842910767, 0.7542497515678406, 0.72968590259552, 0.7074188590049744, 0.6871132254600525, 0.6683906316757202, 0.6510584354400635, 0.6349411010742188, 0.6199055314064026, 0.6057590246200562, 0.5924680829048157, 0.5799472332000732, 0.5681301951408386, 0.5569130182266235, 0.5462607741355896, 0.5360986590385437, 0.5263923406600952, 0.5170798897743225, 0.5081237554550171, 0.4995306432247162, 0.4912644028663635, 0.48331400752067566, 0.47566717863082886, 0.46826741099357605, 0.4611417055130005, 0.4542531371116638, 0.4476132094860077, 0.44117727875709534, 0.4349551796913147, 0.4289305508136749, 0.4230955243110657, 0.4174434244632721, 0.4119706451892853, 0.4066374599933624, 0.4015011489391327, 0.396494060754776, 0.39165401458740234, 0.3869653046131134]}