{"accuracy": [0.36227941513061523, 0.5754411816596985, 0.6531617641448975, 0.6962500214576721, 0.7175735235214233, 0.7335293889045715, 0.747426450252533, 0.7593382596969604, 0.7683823704719543, 0.7768382430076599, 0.7836764454841614, 0.7900735139846802, 0.7944852709770203, 0.7998529672622681, 0.8041911721229553, 0.808897078037262, 0.8136029243469238, 0.816838264465332, 0.8197059035301208, 0.8236029148101807, 0.8269852995872498, 0.8311029672622681, 0.8359558582305908, 0.8395588397979736, 0.8439705967903137, 0.848088264465332, 0.8523529171943665, 0.8556617498397827, 0.8591176271438599, 0.8627941012382507, 0.8666911721229553, 0.8692647218704224, 0.8721323609352112, 0.8746323585510254, 0.8774264454841614, 0.8799264430999756, 0.8822793960571289, 0.8851470351219177, 0.8880882263183594, 0.890220582485199, 0.891985297203064, 0.8947058916091919, 0.896397054195404, 0.8982353210449219, 0.8998529314994812, 0.9022794365882874, 0.904485285282135, 0.9071323275566101, 0.9092646837234497, 0.910588264465332], "loss": [2.5632483959198, 1.7430272102355957, 1.3956986665725708, 1.2168381214141846, 1.1084904670715332, 1.0325266122817993, 0.974022388458252, 0.9263985753059387, 0.8862316012382507, 0.8514489531517029, 0.820673406124115, 0.7929475903511047, 0.7675938010215759, 0.7441228628158569, 0.7221830487251282, 0.7015113234519958, 0.681911051273346, 0.6632402539253235, 0.6453920006752014, 0.6282809376716614, 0.6118410229682922, 0.5960160493850708, 0.5807615518569946, 0.5660414099693298, 0.5518249273300171, 0.5380866527557373, 0.5248059630393982, 0.5119633078575134, 0.49954289197921753, 0.48753342032432556, 0.47592395544052124, 0.46470242738723755, 0.45385852456092834, 0.4433804452419281, 0.4332544803619385, 0.42346757650375366, 0.414009153842926, 0.4048675298690796, 0.39602959156036377, 0.3874838352203369, 0.3792198598384857, 0.37122654914855957, 0.36349380016326904, 0.3560112416744232, 0.3487691581249237, 0.34175777435302734, 0.33496731519699097, 0.32838907837867737, 0.32201483845710754, 0.31583619117736816], "val_accuracy": [0.5400000214576721, 0.6233333349227905, 0.6895833611488342, 0.7225000262260437, 0.7400000095367432, 0.7495833039283752, 0.762499988079071, 0.7729166746139526, 0.7799999713897705, 0.7875000238418579, 0.79708331823349, 0.8033333420753479, 0.8058333396911621, 0.8100000023841858, 0.8149999976158142, 0.8174999952316284, 0.8208333253860474, 0.8237500190734863, 0.8262500166893005, 0.831250011920929, 0.8354166746139526, 0.8383333086967468, 0.8399999737739563, 0.8420833349227905, 0.8445833325386047, 0.8495833277702332, 0.8533333539962769, 0.8570833206176758, 0.8620833158493042, 0.862500011920929, 0.8654166460037231, 0.8654166460037231, 0.8687499761581421, 0.8691666722297668, 0.872083306312561, 0.8725000023841858, 0.8745833039283752, 0.8766666650772095, 0.878333330154419, 0.8816666603088379, 0.8841666579246521, 0.8849999904632568, 0.8870833516120911, 0.8883333206176758, 0.8899999856948853, 0.8916666507720947, 0.8933333158493042, 0.8954166769981384, 0.8966666460037231, 0.8983333110809326], "val_loss": [2.0111379623413086, 1.5138323307037354, 1.2752151489257812, 1.1439183950424194, 1.0579948425292969, 0.9943942427635193, 0.9438245892524719, 0.9018913507461548, 0.8661087155342102, 0.8348879814147949, 0.8071340322494507, 0.7820793390274048, 0.7591571807861328, 0.7379459142684937, 0.7181347012519836, 0.6994828581809998, 0.6818109154701233, 0.6649847030639648, 0.6489001512527466, 0.6334755420684814, 0.6186448931694031, 0.6043583154678345, 0.5905733108520508, 0.5772544145584106, 0.564374566078186, 0.551915168762207, 0.5398567318916321, 0.5281842947006226, 0.5168915390968323, 0.5059705376625061, 0.49541178345680237, 0.48520806431770325, 0.47535207867622375, 0.4658328890800476, 0.4566399157047272, 0.44776397943496704, 0.43919292092323303, 0.4309178590774536, 0.4229274094104767, 0.4152108132839203, 0.4077596962451935, 0.4005647897720337, 0.3936164975166321, 0.3869069218635559, 0.38042792677879333, 0.37417101860046387, 0.3681289553642273, 0.3622927963733673, 0.3566545844078064, 0.35120704770088196]}