{"accuracy": [0.3820588290691376, 0.6944117546081543, 0.7656617760658264, 0.8058823347091675, 0.8324999809265137, 0.8513970375061035, 0.8691176176071167, 0.8832352757453918, 0.8939706087112427, 0.903676450252533, 0.9096323251724243, 0.9166176319122314, 0.9226470589637756, 0.9280882477760315, 0.9326470494270325, 0.9363970756530762, 0.9416911602020264, 0.9457352757453918, 0.9488970637321472, 0.9515441060066223, 0.9547058939933777, 0.9573529362678528, 0.9597058892250061, 0.9614706039428711, 0.9635294079780579, 0.9653676748275757, 0.966985285282135, 0.9685294032096863, 0.9703676700592041, 0.9717646837234497, 0.9731617569923401, 0.9749264717102051, 0.9762499928474426, 0.9775735139846802, 0.9789705872535706, 0.980441153049469, 0.981176495552063, 0.9822794198989868, 0.9833823442459106, 0.9840441346168518, 0.9847058653831482, 0.9859558939933777, 0.986544132232666, 0.9873529672622681, 0.9876470565795898, 0.9882352948188782, 0.989264726638794, 0.9900000095367432, 0.9908088445663452, 0.991102933883667], "loss": [2.3881747722625732, 1.1060200929641724, 0.8160417675971985, 0.6757346987724304, 0.5812832713127136, 0.5095153450965881, 0.45264092087745667, 0.40661364793777466, 0.3687768578529358, 0.33700311183929443, 0.30975741147994995, 0.2861866354942322, 0.2654520571231842, 0.2470950484275818, 0.23071333765983582, 0.21624955534934998, 0.20303422212600708, 0.19102390110492706, 0.180045485496521, 0.17000780999660492, 0.16084079444408417, 0.15228083729743958, 0.144439235329628, 0.13710664212703705, 0.13024084270000458, 0.12380507588386536, 0.11782504618167877, 0.11218881607055664, 0.10678816586732864, 0.10179413855075836, 0.0971028059720993, 0.09260069578886032, 0.08847317099571228, 0.08447420597076416, 0.08063099533319473, 0.07696355134248734, 0.07361071556806564, 0.07040611654520035, 0.06727517396211624, 0.0642390251159668, 0.06150934100151062, 0.058615803718566895, 0.056035105139017105, 0.05353817343711853, 0.05114663392305374, 0.04884706810116768, 0.046666745096445084, 0.0445556640625, 0.04254724457859993, 0.040628768503665924], "val_accuracy": [0.6441666483879089, 0.7579166889190674, 0.8004166483879089, 0.8262500166893005, 0.8433333039283752, 0.85958331823349, 0.8700000047683716, 0.8770833611488342, 0.8854166865348816, 0.8962500095367432, 0.8995833396911621, 0.902916669845581, 0.9066666960716248, 0.9133333563804626, 0.9175000190734863, 0.9183333516120911, 0.9237499833106995, 0.9270833134651184, 0.9283333420753479, 0.9291666746139526, 0.9312499761581421, 0.9329166412353516, 0.9333333373069763, 0.9350000023841858, 0.9370833039283752, 0.9375, 0.9387500286102295, 0.9399999976158142, 0.9395833611488342, 0.9395833611488342, 0.9416666626930237, 0.9437500238418579, 0.9445833563804626, 0.9449999928474426, 0.9454166889190674, 0.9470833539962769, 0.9479166865348816, 0.9491666555404663, 0.949999988079071, 0.949999988079071, 0.9512500166893005, 0.949999988079071, 0.9516666531562805, 0.9512500166893005, 0.9512500166893005, 0.9508333206176758, 0.9508333206176758, 0.9512500166893005, 0.9508333206176758, 0.9516666531562805], "val_loss": [1.3926218748092651, 0.8921183347702026, 0.721478283405304, 0.6194586157798767, 0.5468200445175171, 0.4901042580604553, 0.4447839856147766, 0.4087180197238922, 0.379172146320343, 0.3543279767036438, 0.3332849144935608, 0.3151129484176636, 0.2992945909500122, 0.28582873940467834, 0.27427154779434204, 0.2636326551437378, 0.2541544735431671, 0.24547630548477173, 0.23729576170444489, 0.2301652729511261, 0.22354087233543396, 0.21759375929832458, 0.2120489925146103, 0.20712493360042572, 0.20292295515537262, 0.19862215220928192, 0.1944858580827713, 0.19087810814380646, 0.1877121925354004, 0.18462549149990082, 0.18197321891784668, 0.17921248078346252, 0.17692221701145172, 0.17460747063159943, 0.1729920506477356, 0.1711885929107666, 0.1696675419807434, 0.16866964101791382, 0.16699263453483582, 0.16624858975410461, 0.16502296924591064, 0.1641983985900879, 0.1638161540031433, 0.16283820569515228, 0.16272303462028503, 0.16184119880199432, 0.1608235239982605, 0.16011087596416473, 0.15924568474292755, 0.15746216475963593]}