{"accuracy": [0.5788970589637756, 0.7539705634117126, 0.787573516368866, 0.8112499713897705, 0.8305147290229797, 0.8460294008255005, 0.8588235378265381, 0.8702206015586853, 0.8806617856025696, 0.8880882263183594, 0.8941912055015564, 0.8993382453918457, 0.9053676724433899, 0.909852921962738, 0.9148529171943665, 0.9177941083908081, 0.9216176271438599, 0.9242647290229797, 0.9275000095367432, 0.9300734996795654, 0.9327206015586853, 0.9352205991744995, 0.9368382096290588, 0.9380882382392883, 0.9402205944061279, 0.9423529505729675, 0.9438970685005188, 0.9461764693260193, 0.9476470351219177, 0.9488235116004944, 0.9498529434204102, 0.9510294198989868, 0.9516176581382751, 0.9525735378265381, 0.9538970589637756, 0.9550735354423523, 0.9561764597892761, 0.9571323394775391, 0.9578676223754883, 0.958897054195404, 0.9594852924346924, 0.9607353210449219, 0.9611764550209045, 0.9616912007331848, 0.9624999761581421, 0.9635294079780579, 0.9639706015586853, 0.9655147194862366, 0.9657353162765503, 0.9659558534622192], "loss": [1.5661784410476685, 0.8990990519523621, 0.7530741691589355, 0.6626157760620117, 0.5926427841186523, 0.5342275500297546, 0.4847399592399597, 0.4430737793445587, 0.40826207399368286, 0.3791126310825348, 0.3544401526451111, 0.3332912027835846, 0.31492099165916443, 0.29875773191452026, 0.28440380096435547, 0.2715582549571991, 0.25999173521995544, 0.24951545894145966, 0.2399728149175644, 0.23122143745422363, 0.2231597900390625, 0.21570011973381042, 0.20876850187778473, 0.20230135321617126, 0.19624733924865723, 0.19055908918380737, 0.1851947009563446, 0.18012362718582153, 0.1753176748752594, 0.17075225710868835, 0.16641084849834442, 0.1622874140739441, 0.1583680808544159, 0.15463756024837494, 0.15108118951320648, 0.14768725633621216, 0.14444322884082794, 0.14133529365062714, 0.13835367560386658, 0.1354880928993225, 0.1327303647994995, 0.13007299602031708, 0.1275050938129425, 0.12501941621303558, 0.12261199951171875, 0.12028064578771591, 0.11802192032337189, 0.11583276838064194, 0.11370784789323807, 0.11164660006761551], "val_accuracy": [0.747083306312561, 0.7866666913032532, 0.8050000071525574, 0.8245833516120911, 0.840833306312561, 0.8537499904632568, 0.862500011920929, 0.8704166412353516, 0.8795833587646484, 0.8849999904632568, 0.8899999856948853, 0.8966666460037231, 0.8991666436195374, 0.9049999713897705, 0.9087499976158142, 0.9100000262260437, 0.9108333587646484, 0.9137499928474426, 0.9154166579246521, 0.9195833206176758, 0.9208333492279053, 0.9229166507720947, 0.9241666793823242, 0.9241666793823242, 0.925000011920929, 0.9275000095367432, 0.9287499785423279, 0.9295833110809326, 0.9300000071525574, 0.9295833110809326, 0.9300000071525574, 0.9304166436195374, 0.9320833086967468, 0.9333333373069763, 0.934583306312561, 0.9358333349227905, 0.9362499713897705, 0.9358333349227905, 0.9350000023841858, 0.9379166960716248, 0.9383333325386047, 0.9387500286102295, 0.9395833611488342, 0.940416693687439, 0.9399999976158142, 0.9399999976158142, 0.9399999976158142, 0.9416666626930237, 0.9412500262260437, 0.9416666626930237], "val_loss": [0.9949197173118591, 0.8018198609352112, 0.7059796452522278, 0.6366311311721802, 0.579093873500824, 0.5298909544944763, 0.4880959093570709, 0.453215092420578, 0.4243502914905548, 0.40033695101737976, 0.38004907965660095, 0.36262786388397217, 0.34750494360923767, 0.3342927396297455, 0.3226633369922638, 0.3123614490032196, 0.3031844198703766, 0.2949755787849426, 0.28761035203933716, 0.28096306324005127, 0.27494561672210693, 0.2694703936576843, 0.264475554227829, 0.2599097490310669, 0.25573262572288513, 0.25189176201820374, 0.24835141003131866, 0.24509336054325104, 0.242091566324234, 0.23931248486042023, 0.23674064874649048, 0.23436805605888367, 0.23217542469501495, 0.23014096915721893, 0.22826266288757324, 0.22652582824230194, 0.22492088377475739, 0.22343769669532776, 0.22206111252307892, 0.22078049182891846, 0.21961121261119843, 0.21853817999362946, 0.21755671501159668, 0.21667450666427612, 0.215891495347023, 0.21520653367042542, 0.21462254226207733, 0.2141285389661789, 0.21372365951538086, 0.2134108543395996]}