{"accuracy": [0.05529411882162094, 0.17389705777168274, 0.3144852817058563, 0.4140441119670868, 0.48374998569488525, 0.5251470804214478, 0.5543382167816162, 0.5797058939933777, 0.6043382287025452, 0.6262500286102295, 0.6424999833106995, 0.658823549747467, 0.6713235378265381, 0.6844117641448975, 0.6917647123336792, 0.6997058987617493, 0.7077941298484802, 0.7156617641448975, 0.7234559059143066, 0.7297794222831726, 0.7352206110954285, 0.7396323680877686, 0.7434558868408203, 0.7477940917015076, 0.7521323561668396, 0.755294144153595, 0.7582352757453918, 0.7613235116004944, 0.7645588517189026, 0.7670588493347168, 0.7700735330581665, 0.7729411721229553, 0.7749999761581421, 0.7772058844566345, 0.7799264788627625, 0.7824264764785767, 0.7836029529571533, 0.7855147123336792, 0.788382351398468, 0.7897794246673584, 0.7917646765708923, 0.7935293912887573, 0.7963235378265381, 0.7986029386520386, 0.7997058629989624, 0.8012499809265137, 0.8031617403030396, 0.8047058582305908, 0.8065441250801086, 0.807941198348999], "loss": [3.2347309589385986, 2.9220404624938965, 2.651686668395996, 2.4111099243164062, 2.1996889114379883, 2.01702618598938, 1.860883116722107, 1.728271484375, 1.6159405708312988, 1.5206629037857056, 1.4395155906677246, 1.3699992895126343, 1.3100354671478271, 1.2579213380813599, 1.2122669219970703, 1.1719495058059692, 1.1360650062561035, 1.103885531425476, 1.0748242139816284, 1.0484113693237305, 1.0242619514465332, 1.0020643472671509, 0.9815579652786255, 0.9625276327133179, 0.9447916746139526, 0.9281946420669556, 0.9126060605049133, 0.8979124426841736, 0.8840174674987793, 0.8708364963531494, 0.8582987189292908, 0.8463414907455444, 0.8349096179008484, 0.8239561319351196, 0.8134379386901855, 0.8033190369606018, 0.7935675978660583, 0.784156084060669, 0.7750598788261414, 0.7662565112113953, 0.7577269077301025, 0.7494537830352783, 0.7414224147796631, 0.7336180210113525, 0.7260286808013916, 0.7186427116394043, 0.711449921131134, 0.7044403553009033, 0.697605311870575, 0.6909362077713013], "val_accuracy": [0.09916666895151138, 0.24708333611488342, 0.36500000953674316, 0.44624999165534973, 0.503333330154419, 0.5425000190734863, 0.5754166841506958, 0.6004166603088379, 0.625, 0.6462500095367432, 0.6629166603088379, 0.6820833086967468, 0.6895833611488342, 0.7004166841506958, 0.7116666436195374, 0.7174999713897705, 0.7300000190734863, 0.7337499856948853, 0.7404166460037231, 0.746666669845581, 0.7524999976158142, 0.7587500214576721, 0.7604166865348816, 0.7641666531562805, 0.7691666483879089, 0.7729166746139526, 0.778333306312561, 0.778333306312561, 0.78125, 0.784583330154419, 0.7883333563804626, 0.7925000190734863, 0.793749988079071, 0.7945833206176758, 0.7958333492279053, 0.7979166507720947, 0.800000011920929, 0.8041666746139526, 0.8058333396911621, 0.8079166412353516, 0.8083333373069763, 0.809583306312561, 0.8104166388511658, 0.809583306312561, 0.8116666674613953, 0.8145833611488342, 0.8170833587646484, 0.8166666626930237, 0.8187500238418579, 0.8195833563804626], "val_loss": [3.0720713138580322, 2.781099319458008, 2.5240137577056885, 2.2969765663146973, 2.099634885787964, 1.9300410747528076, 1.7853779792785645, 1.66273033618927, 1.5590224266052246, 1.471205711364746, 1.3965193033218384, 1.332589030265808, 1.2774420976638794, 1.2294678688049316, 1.1873711347579956, 1.150117039680481, 1.1168819665908813, 1.0870063304901123, 1.0599669218063354, 1.0353432893753052, 1.012791395187378, 0.9920305609703064, 0.972829282283783, 0.9549910426139832, 0.9383493065834045, 0.92276531457901, 0.908118486404419, 0.8943032026290894, 0.881230354309082, 0.8688251972198486, 0.8570225834846497, 0.8457662463188171, 0.8350052833557129, 0.8246958255767822, 0.8148000836372375, 0.8052840828895569, 0.7961176037788391, 0.7872745990753174, 0.7787317633628845, 0.7704684734344482, 0.7624671459197998, 0.7547113299369812, 0.7471870183944702, 0.739881694316864, 0.7327843308448792, 0.7258844375610352, 0.7191720604896545, 0.7126380205154419, 0.7062733173370361, 0.7000700235366821]}