{"accuracy": [0.5966911911964417, 0.7020588517189026, 0.7186764478683472, 0.7267646789550781, 0.7383823394775391, 0.7408823370933533, 0.7426470518112183, 0.7461029291152954, 0.7534558773040771, 0.7541911602020264, 0.7558088302612305, 0.7610294222831726, 0.7584558725357056, 0.7615441083908081, 0.7633823752403259, 0.767794132232666, 0.7692646980285645, 0.770588219165802, 0.7760294079780579, 0.7728676199913025, 0.7724264860153198, 0.7701470851898193, 0.7748529314994812, 0.7781617641448975, 0.7765440940856934, 0.7763235569000244, 0.7809559106826782, 0.7742646932601929, 0.7802205681800842, 0.7782353162765503, 0.7786029577255249, 0.7813970446586609, 0.7823529243469238, 0.7816911935806274, 0.783014714717865, 0.7807353138923645, 0.7846323251724243, 0.7859559059143066, 0.7836764454841614, 0.7797058820724487, 0.7879411578178406, 0.7833823561668396, 0.7900735139846802, 0.785588264465332, 0.7850735187530518, 0.785808801651001, 0.7900735139846802, 0.7907353043556213, 0.7836764454841614, 0.7904411554336548], "loss": [1.3815083503723145, 1.0185974836349487, 0.9477563500404358, 0.9119799733161926, 0.8785748481750488, 0.8607720732688904, 0.8501888513565063, 0.8302708268165588, 0.8160516619682312, 0.804665744304657, 0.8099305629730225, 0.7858957052230835, 0.7923636436462402, 0.7743116617202759, 0.7701046466827393, 0.7529186010360718, 0.7475374937057495, 0.7471439838409424, 0.7330833077430725, 0.7386499643325806, 0.7468870878219604, 0.7354286909103394, 0.7195905447006226, 0.728726863861084, 0.7176451683044434, 0.7256794571876526, 0.7104771733283997, 0.7216061353683472, 0.7007402777671814, 0.7110924124717712, 0.7190797328948975, 0.7092558741569519, 0.7058938145637512, 0.7066541910171509, 0.6941465735435486, 0.7007255554199219, 0.6966068148612976, 0.6918233633041382, 0.7033712863922119, 0.7065832614898682, 0.6907401084899902, 0.6960386037826538, 0.6851839423179626, 0.6864379048347473, 0.692140519618988, 0.6982446908950806, 0.6884130239486694, 0.6733419299125671, 0.6947029232978821, 0.6838480234146118], "val_accuracy": [0.7595833539962769, 0.7858333587646484, 0.8100000023841858, 0.8224999904632568, 0.8191666603088379, 0.831250011920929, 0.8349999785423279, 0.8349999785423279, 0.8395833373069763, 0.8483333587646484, 0.8450000286102295, 0.8495833277702332, 0.8570833206176758, 0.8541666865348816, 0.8620833158493042, 0.8658333420753479, 0.8704166412353516, 0.8666666746139526, 0.8654166460037231, 0.8741666674613953, 0.871666669845581, 0.8725000023841858, 0.8762500286102295, 0.8737499713897705, 0.8737499713897705, 0.8708333373069763, 0.8737499713897705, 0.8820833563804626, 0.8866666555404663, 0.8766666650772095, 0.8854166865348816, 0.8787500262260437, 0.8833333253860474, 0.8829166889190674, 0.8841666579246521, 0.8770833611488342, 0.8791666626930237, 0.8799999952316284, 0.8870833516120911, 0.8849999904632568, 0.8866666555404663, 0.8774999976158142, 0.8849999904632568, 0.8870833516120911, 0.8824999928474426, 0.8824999928474426, 0.8883333206176758, 0.8879166841506958, 0.8924999833106995, 0.8887500166893005], "val_loss": [0.8761815428733826, 0.766780436038971, 0.7089654803276062, 0.661253035068512, 0.6514910459518433, 0.6117499470710754, 0.595001220703125, 0.5810394883155823, 0.5588547587394714, 0.5443570613861084, 0.5432468056678772, 0.5163819789886475, 0.5099129676818848, 0.5079096555709839, 0.4866795241832733, 0.480703741312027, 0.4744325876235962, 0.47669917345046997, 0.47741568088531494, 0.476369172334671, 0.4610353708267212, 0.44733333587646484, 0.440597265958786, 0.44179147481918335, 0.45351919531822205, 0.4583832919597626, 0.4378470480442047, 0.42603740096092224, 0.43026864528656006, 0.4359016418457031, 0.42676758766174316, 0.4358864426612854, 0.4237096309661865, 0.4144892990589142, 0.413570374250412, 0.42010754346847534, 0.41390669345855713, 0.4179568886756897, 0.42065557837486267, 0.41323012113571167, 0.4215468764305115, 0.4163112938404083, 0.41305118799209595, 0.4097033143043518, 0.41291025280952454, 0.4083735942840576, 0.38420405983924866, 0.39799439907073975, 0.40664535760879517, 0.39617103338241577]}