{
  "accuracy": 0.96175,
  "precision_macro": 0.9620157828343546,
  "recall_macro": 0.9616070187215804,
  "f1_macro": 0.9615905376486279,
  "precision_weighted": 0.9621908960253778,
  "recall_weighted": 0.96175,
  "f1_weighted": 0.9617487297352486,
  "n_test_samples": 4000
}